d9f6fe,::1,GET,http://localhost/debute/11.Edu_Symfony3_blog/web/app_dev.php/admin/genus/new,1534777731,,200
9dcd45,::1,GET,http://localhost/debute/11.Edu_Symfony3_blog/web/app_dev.php/admin/genus/new,1534777873,,200
22cc48,::1,GET,http://localhost/debute/11.Edu_Symfony3_blog/web/app_dev.php/admin/genus/new,1534777884,,200
14eb28,::1,GET,http://localhost/debute/11.Edu_Symfony3_blog/web/app_dev.php/admin/genus/new,1534777897,,200
9e45df,::1,GET,http://localhost/debute/11.Edu_Symfony3_blog/web/app_dev.php/admin/genus/new,1534778032,4dc935,200
4dc935,::1,GET,http://localhost/debute/11.Edu_Symfony3_blog/web/app_dev.php/admin/genus/new,1534778032,,500
7bb73c,::1,GET,http://localhost/debute/11.Edu_Symfony3_blog/web/app_dev.php/admin/genus/new,1534778079,,200
d0ade6,::1,POST,http://localhost/debute/11.Edu_Symfony3_blog/web/app_dev.php/admin/genus/new,1534778088,,200
d737ac,::1,GET,http://localhost/debute/11.Edu_Symfony3_blog/web/app_dev.php/admin/genus/new,1534779329,351a69,200
351a69,::1,POST,http://localhost/debute/11.Edu_Symfony3_blog/web/app_dev.php/admin/genus/new,1534779329,,500
ca74a6,::1,GET,http://localhost/debute/11.Edu_Symfony3_blog/web/app_dev.php/admin/genus/new,1534779365,dcccbf,200
dcccbf,::1,POST,http://localhost/debute/11.Edu_Symfony3_blog/web/app_dev.php/admin/genus/new,1534779365,,500
c896c5,::1,POST,http://localhost/debute/11.Edu_Symfony3_blog/web/app_dev.php/admin/genus/new,1534779383,,200
bfee50,::1,POST,http://localhost/debute/11.Edu_Symfony3_blog/web/app_dev.php/admin/genus/new,1534779473,,200
8bf637,::1,POST,http://localhost/debute/11.Edu_Symfony3_blog/web/app_dev.php/admin/genus/new,1534779538,,200
5a377d,::1,POST,http://localhost/debute/11.Edu_Symfony3_blog/web/app_dev.php/admin/genus/new,1534779564,,200
a397a5,::1,POST,http://localhost/debute/11.Edu_Symfony3_blog/web/app_dev.php/admin/genus/new,1534779579,,200
87f86f,::1,POST,http://localhost/debute/11.Edu_Symfony3_blog/web/app_dev.php/admin/genus/new,1534779625,,200
432180,::1,POST,http://localhost/debute/11.Edu_Symfony3_blog/web/app_dev.php/admin/genus/new,1534779636,,200
d99890,::1,POST,http://localhost/debute/11.Edu_Symfony3_blog/web/app_dev.php/admin/genus/new,1534779644,,200
98a836,::1,POST,http://localhost/debute/11.Edu_Symfony3_blog/web/app_dev.php/admin/genus/new,1534779954,,302
a2d36b,::1,GET,http://localhost/debute/11.Edu_Symfony3_blog/web/app_dev.php/admin/genus,1534779954,,200
fa9e6b,::1,GET,http://localhost/debute/11.Edu_Symfony3_blog/web/app_dev.php/admin/genus,1534780552,,200
732796,::1,GET,http://localhost/debute/11.Edu_Symfony3_blog/web/app_dev.php/admin/genus/1/edit,1534780554,,200
81be18,::1,POST,http://localhost/debute/11.Edu_Symfony3_blog/web/app_dev.php/admin/genus/1/edit,1534780563,,302
1c1fba,::1,GET,http://localhost/debute/11.Edu_Symfony3_blog/web/app_dev.php/admin/genus,1534780563,,200
3de50e,::1,GET,http://localhost/debute/11.Edu_Symfony3_blog/web/app_dev.php/admin/genus/1/edit,1534780566,,200
72c992,::1,POST,http://localhost/debute/11.Edu_Symfony3_blog/web/app_dev.php/admin/genus/1/edit,1534780577,,302
a6310e,::1,GET,http://localhost/debute/11.Edu_Symfony3_blog/web/app_dev.php/admin/genus,1534780577,,200
5c9ca2,::1,GET,http://localhost/debute/11.Edu_Symfony3_blog/web/app_dev.php/admin/genus/1/edit,1534780580,,200
7a465e,::1,POST,http://localhost/debute/11.Edu_Symfony3_blog/web/app_dev.php/admin/genus/1/edit,1534781590,,302
9e566f,::1,GET,http://localhost/debute/11.Edu_Symfony3_blog/web/app_dev.php/admin/genus,1534781590,,200
6d60ed,::1,GET,http://localhost/debute/11.Edu_Symfony3_blog/web/app_dev.php/admin/genus/2/edit,1534781594,,200
0749fa,::1,POST,http://localhost/debute/11.Edu_Symfony3_blog/web/app_dev.php/admin/genus/2/edit,1534781613,,302
4f771b,::1,GET,http://localhost/debute/11.Edu_Symfony3_blog/web/app_dev.php/admin/genus,1534781613,,200
5c1357,::1,GET,http://localhost/debute/11.Edu_Symfony3_blog/web/app_dev.php/admin/genus/2/edit,1534781617,,200
9ba13d,::1,POST,http://localhost/debute/11.Edu_Symfony3_blog/web/app_dev.php/admin/genus/2/edit,1534781630,,302
e7b504,::1,GET,http://localhost/debute/11.Edu_Symfony3_blog/web/app_dev.php/admin/genus,1534781630,,200
736918,::1,GET,http://localhost/debute/11.Edu_Symfony3_blog/web/app_dev.php/admin/genus/2/edit,1534781632,,200
e0e827,::1,POST,http://localhost/debute/11.Edu_Symfony3_blog/web/app_dev.php/admin/genus/2/edit,1534781639,,302
2e713f,::1,GET,http://localhost/debute/11.Edu_Symfony3_blog/web/app_dev.php/admin/genus,1534781639,,200
115763,::1,GET,http://localhost/debute/11.Edu_Symfony3_blog/web/app_dev.php/admin/genus/2/edit,1534781642,,200
b50e7f,::1,POST,http://localhost/debute/11.Edu_Symfony3_blog/web/app_dev.php/admin/genus/2/edit,1534781784,,302
1eee45,::1,GET,http://localhost/debute/11.Edu_Symfony3_blog/web/app_dev.php/admin/genus,1534781784,,200
717b01,::1,GET,http://localhost/debute/11.Edu_Symfony3_blog/web/app_dev.php/admin/genus/1/edit,1534781787,,200
a3b2c9,::1,GET,http://localhost/debute/11.Edu_Symfony3_blog/web/app_dev.php/admin/genus/1/edit,1534781806,,200
b7246a,::1,POST,http://localhost/debute/11.Edu_Symfony3_blog/web/app_dev.php/admin/genus/1/edit,1534781813,,302
1305c9,::1,GET,http://localhost/debute/11.Edu_Symfony3_blog/web/app_dev.php/admin/genus,1534781813,,200
3693b2,::1,GET,http://localhost/debute/11.Edu_Symfony3_blog/web/app_dev.php/admin/genus/1/edit,1534781815,,200
340db7,::1,POST,http://localhost/debute/11.Edu_Symfony3_blog/web/app_dev.php/admin/genus/1/edit,1534781833,,302
73baaf,::1,GET,http://localhost/debute/11.Edu_Symfony3_blog/web/app_dev.php/admin/genus,1534781834,,200
997cd0,::1,GET,http://localhost/debute/11.Edu_Symfony3_blog/web/app_dev.php/admin/genus/1/edit,1534781836,,200
8534cf,::1,POST,http://localhost/debute/11.Edu_Symfony3_blog/web/app_dev.php/admin/genus/1/edit,1534781841,,302
9869c8,::1,GET,http://localhost/debute/11.Edu_Symfony3_blog/web/app_dev.php/admin/genus,1534781842,,200
34288a,::1,GET,http://localhost/debute/11.Edu_Symfony3_blog/web/app_dev.php/admin/genus/1/edit,1534781844,,200
ed0679,::1,POST,http://localhost/debute/11.Edu_Symfony3_blog/web/app_dev.php/admin/genus/1/edit,1534781854,,302
7c5b1a,::1,GET,http://localhost/debute/11.Edu_Symfony3_blog/web/app_dev.php/admin/genus,1534781854,,200
f3a718,::1,GET,http://localhost/debute/11.Edu_Symfony3_blog/web/app_dev.php/admin/genus/1/edit,1534781856,,200
97588d,::1,POST,http://localhost/debute/11.Edu_Symfony3_blog/web/app_dev.php/admin/genus/1/edit,1534781862,,302
a078b4,::1,GET,http://localhost/debute/11.Edu_Symfony3_blog/web/app_dev.php/admin/genus,1534781862,,200
29cb89,::1,GET,http://localhost/debute/11.Edu_Symfony3_blog/web/app_dev.php/admin/genus/1/edit,1534781865,,200
fc0e24,::1,POST,http://localhost/debute/11.Edu_Symfony3_blog/web/app_dev.php/admin/genus/1/edit,1534781878,,302
69217b,::1,GET,http://localhost/debute/11.Edu_Symfony3_blog/web/app_dev.php/admin/genus,1534781878,,200
3415a5,::1,GET,http://localhost/debute/11.Edu_Symfony3_blog/web/app_dev.php/admin/genus/1/edit,1534781881,,200
d40379,::1,POST,http://localhost/debute/11.Edu_Symfony3_blog/web/app_dev.php/admin/genus/1/edit,1534781885,,302
58b09c,::1,GET,http://localhost/debute/11.Edu_Symfony3_blog/web/app_dev.php/admin/genus,1534781886,,200
ef69fa,::1,GET,http://localhost/debute/11.Edu_Symfony3_blog/web/app_dev.php/admin/genus/new,1534800878,,200
a74c5d,::1,GET,http://localhost/debute/11.Edu_Symfony3_blog/web/app_dev.php/admin/genus/new,1534885907,,200
829487,::1,GET,http://localhost/debute/11.Edu_Symfony3_blog/web/app_dev.php/admin/genus/new,1534973531,,200
64b9cd,::1,GET,http://localhost/debute/11.Edu_Symfony3_blog/web/app_dev.php/admin/genus/new,1534976762,,200
7113a2,::1,POST,http://localhost/debute/11.Edu_Symfony3_blog/web/app_dev.php/admin/genus/new,1535300498,,200
8078f1,::1,POST,http://localhost/debute/11.Edu_Symfony3_blog/web/app_dev.php/admin/genus/new,1535300607,,200
c909cf,::1,POST,http://localhost/debute/11.Edu_Symfony3_blog/web/app_dev.php/admin/genus/new,1535300613,,302
f7a789,::1,GET,http://localhost/debute/11.Edu_Symfony3_blog/web/app_dev.php/admin/genus,1535300613,,200
