02802c,::1,GET,http://localhost/debute/10.Edu_Symfony3_hotel/web/app_dev.php/reservations,1526746542,,200
d016bf,::1,GET,http://localhost/debute/10.Edu_Symfony3_hotel/web/app_dev.php/guests,1526746548,,200
0f307b,::1,GET,http://localhost/debute/10.Edu_Symfony3_hotel/web/app_dev.php/guests/modify/0,1526746554,,200
0d800d,::1,GET,http://localhost/debute/10.Edu_Symfony3_hotel/web/app_dev.php/guests,1526746561,,200
d31bb6,::1,GET,http://localhost/debute/10.Edu_Symfony3_hotel/web/app_dev.php/guests/new?id_client=1,1526746564,,200
0fcedc,::1,GET,http://localhost/debute/10.Edu_Symfony3_hotel/web/app_dev.php/guests/new?id_client=1,1526746591,3b58d2,200
3b58d2,::1,POST,http://localhost/debute/10.Edu_Symfony3_hotel/web/app_dev.php/guests/new?id_client=1,1526746591,,500
da0d93,::1,GET,http://localhost/debute/10.Edu_Symfony3_hotel/web/app_dev.php/guests/new?id_client=1,1526748232,7d5d9e,200
7d5d9e,::1,POST,http://localhost/debute/10.Edu_Symfony3_hotel/web/app_dev.php/guests/new?id_client=1,1526748232,,500
a1bef3,::1,GET,http://localhost/debute/10.Edu_Symfony3_hotel/web/app_dev.php/guests/new?id_client=1,1526750268,384448,200
384448,::1,POST,http://localhost/debute/10.Edu_Symfony3_hotel/web/app_dev.php/guests/new?id_client=1,1526750268,,500
228965,::1,POST,http://localhost/debute/10.Edu_Symfony3_hotel/web/app_dev.php/guests/new?id_client=1,1526750350,,302
26c1f4,::1,GET,http://localhost/debute/10.Edu_Symfony3_hotel/web/app_dev.php/guests,1526750351,,200
38fe6e,::1,GET,http://localhost/debute/10.Edu_Symfony3_hotel/web/app_dev.php/guests,1526750356,,200
b3a4fe,::1,GET,http://localhost/debute/10.Edu_Symfony3_hotel/web/app_dev.php/guests/new?id_client=1,1526750361,,200
233c72,::1,POST,http://localhost/debute/10.Edu_Symfony3_hotel/web/app_dev.php/guests/new?id_client=1,1526750387,,302
644a27,::1,GET,http://localhost/debute/10.Edu_Symfony3_hotel/web/app_dev.php/guests,1526750387,,200
6f8f71,::1,GET,http://localhost/debute/10.Edu_Symfony3_hotel/web/app_dev.php/guests,1526750409,,200
adc6a3,::1,GET,http://localhost/debute/10.Edu_Symfony3_hotel/web/app_dev.php/guests,1526750521,,200
a5d403,::1,GET,http://localhost/debute/10.Edu_Symfony3_hotel/web/app_dev.php/,1526750523,,200
b44189,::1,GET,http://localhost/debute/10.Edu_Symfony3_hotel/web/app_dev.php/guests,1526750525,,200
fe4227,::1,GET,http://localhost/debute/10.Edu_Symfony3_hotel/web/app_dev.php/guests,1526750971,5b27d5,200
5b27d5,::1,GET,http://localhost/debute/10.Edu_Symfony3_hotel/web/app_dev.php/guests,1526750971,,500
7f7ac7,::1,GET,http://localhost/debute/10.Edu_Symfony3_hotel/web/app_dev.php/guests,1526751087,083c7a,200
083c7a,::1,GET,http://localhost/debute/10.Edu_Symfony3_hotel/web/app_dev.php/guests,1526751087,,500
7ae443,::1,GET,http://localhost/debute/10.Edu_Symfony3_hotel/web/app_dev.php/guests,1526751173,,200
05b7e6,::1,GET,http://localhost/debute/10.Edu_Symfony3_hotel/web/app_dev.php/guests,1526751243,ce18f2,200
ce18f2,::1,GET,http://localhost/debute/10.Edu_Symfony3_hotel/web/app_dev.php/guests,1526751243,,500
1a1e3b,::1,GET,http://localhost/debute/10.Edu_Symfony3_hotel/web/app_dev.php/guests,1526751326,0e4657,200
0e4657,::1,GET,http://localhost/debute/10.Edu_Symfony3_hotel/web/app_dev.php/guests,1526751326,,500
